post_id,url,type,youtube_video_id
224066370070,https://mblogvideo-phinf.pstatic.net/MjAyNTExMDJfOTIg/MDAxNzYyMDQ5NjM1Mzg4.Q5nMmJGXtfmSjHf3Ig7LmhNbEl-hjs5KD9ngBJQ4EPQg.RuVYntcaVaDmohk-VK5-bTki67cckH3QYV99p6zq5FQg.GIF/3529394493.gif?type=mp4w800,naver_blog,
224066370070,https://mblogvideo-phinf.pstatic.net/MjAyNTExMDJfMTQ3/MDAxNzYyMDQ5NjU2ODYx.aX7cxEScnydGC3_6Nfn2U2SOx6CU9JlDDV_55Oo2iyog.k0S9raYu43xVyLyP9j7M21VI3UDD-4oqNS3snaxcYmYg.GIF/2146591394.gif?type=mp4w800,naver_blog,
224066370070,https://mblogvideo-phinf.pstatic.net/MjAyNTExMDJfMjky/MDAxNzYyMDQ5NjA1MTQz.Bk5BOATi4yqsdGriuTriL0iQ560g12nyiqq5eHGGfEkg.mDw0hkTdpdNG9EjSssQ1ISFZ_4eIQKhMVzc5lX2Gup8g.GIF/1273926035.gif?type=mp4w800,naver_blog,
224064160454,https://www.youtube.com/embed/9o7IkprQsBE?feature=oembed,youtube,9o7IkprQsBE
224060986088,https://mblogvideo-phinf.pstatic.net/MjAyNTExMDFfODMg/MDAxNzYxOTY0ODc2Njg2.l0_SyboZxHNcsOtazrTGQYpqFryWFTrvX2roQ79j46og.nFdQd7QKxFE4cy5IG_8gHqjKoJ_3qcli9dkgtKWlqAwg.GIF/PM_%EC%95%A1%EC%85%98%ED%8C%A9_(1).gif?type=mp4w800,naver_blog,
224060986088,https://mblogvideo-phinf.pstatic.net/MjAyNTExMDFfNzEg/MDAxNzYxOTU4MDc5NzYw.VurWFvxTOYol9z-uiQTtHuBLW7gICk62jFNfEV9Kq1Ag.4ePn6YSNwJB_OcmKK8Xqed1SFcOB8E7ukPvbPAjf-lAg.GIF/PM_%EC%95%A1%EC%85%98%ED%8C%A9.gif?type=mp4w800,naver_blog,
224049367183,https://mblogvideo-phinf.pstatic.net/MjAyNTEwMjJfMjY3/MDAxNzYxMDY4MzgzNDM3.x_IOILBsDzFnBexnU8N87eDtdovc9oSG6buSwoJPePgg.EFx6_7TfevISf02OUkpM3n0b-uTbtJt6q5FxAnIsf_Ig.GIF/%EC%A0%9C%EB%AA%A9_%EC%97%86%EC%9D%8C.gif?type=mp4w800,naver_blog,
224049367183,https://mblogvideo-phinf.pstatic.net/MjAyNTEwMjJfNTkg/MDAxNzYxMDY4Mzg0Nzkx.5hYHRH01SpGcuSNbyq0mu0MC7azvnB9lICr7YnpuaSIg.H1YWZuxj-zbFiRSJ-PDVpm08s5Im99PrgZVp4iAIns0g.GIF/%EC%A0%9C%EB%AA%A9_%EC%97%86%EC%9D%8C.gif?type=mp4w800,naver_blog,
224049367183,https://mblogvideo-phinf.pstatic.net/MjAyNTEwMjJfMjg2/MDAxNzYxMDY3MzE5Nzcz.hGqY104FigucmC1_DVCLzDkKxQW7pnwUpJ0PZHsZqMQg.20SIe9vJNN2SoYNNv_hc3U_Tj-QO3--JeEGfm7BYq30g.GIF/%EC%A0%9C%EB%AA%A9_%EC%97%86%EC%9D%8C.gif?type=mp4w800,naver_blog,
224049367183,https://mblogvideo-phinf.pstatic.net/MjAyNTEwMjJfMjI4/MDAxNzYxMDY4Mzg0ODU5.wmWBwZGlRfzzVJR7FdgGjLnem2JxOWOfrvPZ7IcqZd4g.kWiLwQ3Qhvomt2uImTATq-OlQWMLoCV7YWhCY0bt-hog.GIF/%EC%A0%9C%EB%AA%A9_%EC%97%86%EC%9D%8C.gif?type=mp4w800,naver_blog,
224049367183,https://mblogvideo-phinf.pstatic.net/MjAyNTEwMjJfMjQ0/MDAxNzYxMDY4Mzg1MjU0.9gu5USjHbaa6j6J8vvqwDyK9X3EI0xfMAXd5UfCzpKIg.KhO5LcZDQIorpTnrlrTzTIkFXOKu4IuOGtUxkHcL_7Qg.GIF/%EC%A0%9C%EB%AA%A9_%EC%97%86%EC%9D%8C.gif?type=mp4w800,naver_blog,
224049367183,https://mblogvideo-phinf.pstatic.net/MjAyNTEwMjJfMTUy/MDAxNzYxMDcxNTE2OTEw.csDmh6-EMNQd_MYz1hcQFw2b3RUwnJGDDbcIj0kwst0g.lcc6CHyI9vp5tZZ9Dl0m-mmaO-O3W0Vcayawfo8vJDgg.GIF/%EC%A0%9C%EB%AA%A9_%EC%97%86%EC%9D%8C.gif?type=mp4w800,naver_blog,
224049367183,https://mblogvideo-phinf.pstatic.net/MjAyNTEwMjJfMTE3/MDAxNzYxMDY3MzE5NTAx.aag4xZiQMeWusDKj6OkNplb8ImMDALjY3SHortjfXvIg.T6W9jH-B1uJ8Jx8bxAiKNaVH07_A6SuP912AOUjGX-Ig.GIF/%EC%A0%9C%EB%AA%A9_%EC%97%86%EC%9D%8C.gif?type=mp4w800,naver_blog,
224049367183,https://mblogvideo-phinf.pstatic.net/MjAyNTEwMjJfMyAg/MDAxNzYxMDY3MzIwMDUx.UvH8HpnRRqub_3geN0aHUJ13lwbQ_PJsadISVPFrCp4g.cqj9GluDnGL0RKFln7Ghy1yqA5LopVDGe52Zn3J7450g.GIF/%EC%A0%9C%EB%AA%A9_%EC%97%86%EC%9D%8C.gif?type=mp4w800,naver_blog,
224043304205,https://www.youtube.com/embed/YS6eXmMyLPo?feature=oembed,youtube,YS6eXmMyLPo
224040797563,https://mblogvideo-phinf.pstatic.net/MjAyNTEwMTRfOTIg/MDAxNzYwNDE3ODI0Njcx.R4TaEuOqI194QPDTUZWAj0UbG5eYWrZdvvF_QFPRNj8g.rLUkeah4jj9ly2JOJy-tQx3rTkH90bcH6NuviwJ-mcEg.GIF/se%EF%BC%BFone%EF%BC%BFani%EF%BC%BF20251014%EF%BC%BF135444%EF%BC%BFa.gif?type=mp4w800,naver_blog,
224010136712,https://www.youtube.com/embed/twnpT1yq_TM?feature=oembed,youtube,twnpT1yq_TM
223994976046,https://www.youtube.com/embed/18ZXjv7S-3Q?feature=oembed,youtube,18ZXjv7S-3Q
223917924510,https://www.youtube.com/embed/MSzmo9AC_0I?feature=oembed,youtube,MSzmo9AC_0I
223858479284,https://mblogvideo-phinf.pstatic.net/MjAyNTA1MDhfMTEw/MDAxNzQ2NjM1NjczNDI1.PfVNrr-FDzdMzhh4R6IMjGso4zOG0-iehYcayf2gtJ0g.ViMqr5_AuDfNazFGod8PtV7XXbiSgtHLfRYO5K2WHV8g.GIF/1456775918.gif?type=mp4w800,naver_blog,
223852006260,https://www.youtube.com/embed/gc7gB1VRgac?feature=oembed,youtube,gc7gB1VRgac
223850114298,https://mblogvideo-phinf.pstatic.net/MjAyNTA0MjlfNzAg/MDAxNzQ1ODkxMDgxMDUy.EdxM7c2ABoUyEphiPtm0pfGnsSbwoCJYb-_IkdOm48Ag.E4kLraYDl6m01xl6X86qHam8ENWNX_bOds6kZ1fv9iAg.GIF/IMG_0960.GIF?type=mp4w800,naver_blog,
223850114298,https://mblogvideo-phinf.pstatic.net/MjAyNTA0MjlfMjc0/MDAxNzQ1ODkxMDgxMDgx.rB6u5xZIRYUDU89clQO8hB-SUE795B_LSVa2hvGM2tcg.ybayMC7eENEA7kwkNFj-7nCOKcEOFnjd32NomMtlY_sg.GIF/IMG_0964.GIF?type=mp4w800,naver_blog,
223828519978,https://www.youtube.com/embed/R7cmbpmpxZQ?feature=oembed,youtube,R7cmbpmpxZQ
223825982664,https://mblogvideo-phinf.pstatic.net/MjAyNTA0MDhfMTMz/MDAxNzQ0MDc3NzY2NjEy.4bv1_bZzOrvJJt9AyirbE5ErvSHRSpTdkiAHRrvghJUg.EIZDS-STbRR23OrYsFWe9xHEqBIg7aa1MBPeGqiVep4g.GIF/IMG_0964.GIF?type=mp4w800,naver_blog,
223825982664,https://mblogvideo-phinf.pstatic.net/MjAyNTA0MDhfMTYg/MDAxNzQ0MDc3NzY2MzU2.vP3WebHwvEuvzQaTPM4DaGwE22QcyggapUK3WKzGWBIg.SM3NnSJL7SohNNDcvpQLzfHUNDhoxAX3xZsFXxrmijEg.GIF/IMG_0962.GIF?type=mp4w800,naver_blog,
223825982664,https://mblogvideo-phinf.pstatic.net/MjAyNTA0MDhfMTA1/MDAxNzQ0MDc3NzY1OTUx.0P82qzVHxlLhxM4jE_13yGasWBZ37xTMn0UvDqTqInMg.c5x1T_gd5IETTG07AsYkG7ukaI9nxxGONBtEvtR09j8g.GIF/IMG_0960.GIF?type=mp4w800,naver_blog,
223825884941,https://mblogvideo-phinf.pstatic.net/MjAyNTA0MDhfNDcg/MDAxNzQ0MDcwNDM3NjYw.xhvZYC3IxE5ma-4SD6e1dqgn303QZjwPobkzHWGjlzMg.0sgISqyDVv93vWTqyU3SdR9LLB7-OSrLm-j0WnwOvs4g.GIF/IMG_0964.GIF?type=mp4w800,naver_blog,
223825884941,https://mblogvideo-phinf.pstatic.net/MjAyNTA0MDhfMjk4/MDAxNzQ0MDcwNDM4MDE1.pw9Rxu-0ysDbXOc8bg2XJtIv6W0FAB5-bjdrswIvX_Ug.FAbkadYW0ujTiJUxjqcgCnwaLYixxNSeWJCSRe7D4KAg.GIF/IMG_0960.GIF?type=mp4w800,naver_blog,
223825884941,https://mblogvideo-phinf.pstatic.net/MjAyNTA0MDhfNjUg/MDAxNzQ0MDcwNDM3Njc2.lFxh10aMR7qUbSRfTELIyrg-TlMJWWuqF7Gxvtxu97Ig.H7puUyjfmA5HA4Owf5qcL20UTUyWKmKTKewMCRH8WeEg.GIF/IMG_0962.GIF?type=mp4w800,naver_blog,
223775167653,https://www.youtube.com/embed/LsVenCqSedk?feature=oembed,youtube,LsVenCqSedk
223775167653,https://www.youtube.com/embed/Y1n9QuBfj4Y?feature=oembed,youtube,Y1n9QuBfj4Y
223775167653,https://www.youtube.com/embed/roVPBc4gbOc?feature=oembed,youtube,roVPBc4gbOc
223745591899,https://www.youtube.com/embed/SdtB1d4XYJs?feature=oembed,youtube,SdtB1d4XYJs
223745591899,https://www.youtube.com/embed/dg2vMVP1m1g?feature=oembed,youtube,dg2vMVP1m1g
223745591899,https://www.youtube.com/embed/pMF1aoV3Dik?feature=oembed,youtube,pMF1aoV3Dik
223729099027,https://www.youtube.com/embed/LsVenCqSedk?feature=oembed,youtube,LsVenCqSedk
223729099027,https://www.youtube.com/embed/Y1n9QuBfj4Y?feature=oembed,youtube,Y1n9QuBfj4Y
223729099027,https://www.youtube.com/embed/roVPBc4gbOc?feature=oembed,youtube,roVPBc4gbOc
223726129331,https://www.youtube.com/embed/0YB-VbyPi6g?feature=oembed,youtube,0YB-VbyPi6g
223719568748,https://www.youtube.com/embed/LsVenCqSedk?feature=oembed,youtube,LsVenCqSedk
223719568748,https://www.youtube.com/embed/Y1n9QuBfj4Y?feature=oembed,youtube,Y1n9QuBfj4Y
223719568748,https://www.youtube.com/embed/roVPBc4gbOc?feature=oembed,youtube,roVPBc4gbOc
223717123266,https://www.youtube.com/embed/LsVenCqSedk?feature=oembed,youtube,LsVenCqSedk
223717123266,https://www.youtube.com/embed/Y1n9QuBfj4Y?feature=oembed,youtube,Y1n9QuBfj4Y
223717123266,https://www.youtube.com/embed/roVPBc4gbOc?feature=oembed,youtube,roVPBc4gbOc
223710424791,https://www.youtube.com/embed/LsVenCqSedk?feature=oembed,youtube,LsVenCqSedk
223710424791,https://www.youtube.com/embed/Y1n9QuBfj4Y?feature=oembed,youtube,Y1n9QuBfj4Y
223710424791,https://www.youtube.com/embed/roVPBc4gbOc?feature=oembed,youtube,roVPBc4gbOc
223705102131,https://www.youtube.com/embed/MDiMxUqqUB8?feature=oembed,youtube,MDiMxUqqUB8
223705102131,https://www.youtube.com/embed/E_vjiXVQQJI?feature=oembed,youtube,E_vjiXVQQJI
223704496990,https://www.youtube.com/embed/Xrccbnz5iIE?feature=oembed,youtube,Xrccbnz5iIE
223693941077,https://www.youtube.com/embed/CMvTjP1j41g?feature=oembed,youtube,CMvTjP1j41g
223607278625,https://mblogvideo-phinf.pstatic.net/MjAyNDEwMDRfMTk0/MDAxNzI4MDUwMDg3NDIw.CXxPUs_WDuij-IDH_0b3RPEVGEUaEOIJSrbg5g3HvBYg.iM6gbNhRfnUMqHKrXCg1r_59lD6UFScERNLJ0epCf7Qg.GIF/3921015580.gif?type=mp4w800,naver_blog,
223607278625,https://mblogvideo-phinf.pstatic.net/MjAyNDEwMDRfNjcg/MDAxNzI4MDUwODY5MjE0.ASIprsFeZEuxWMq12Yb4Z7qdmvzccitDWUmbKkVxVSwg.Ig9DEIg6Z6Dtb6G06H1XRDYp6ZEy6_OQ-OTBUOtzEkkg.GIF/3103280045.gif?type=mp4w800,naver_blog,
223607278625,https://mblogvideo-phinf.pstatic.net/MjAyNDEwMDRfMTg1/MDAxNzI4MDUwNjk4MjE2.8nFv2-S-KmX8MLeQzNUUdYHO5FKXmiDnSSyIfP1Fm-gg.d_RK809-j130FLOXxAwwqy2A7NNseBtp0z0hW7AE8sgg.GIF/1214051877.gif?type=mp4w800,naver_blog,
223396152843,https://mblogvideo-phinf.pstatic.net/MjAyNDAzMjZfNyAg/MDAxNzExNDI4MzIzMzMz.mBcRY30s3iZrHZo4ZB5XYmHcp89w8cPHJub5DVUkL9Mg.F0Tw-CVGGLhUlANPcF-h3ImsqIpyAfrREINlaCTzwG0g.GIF/883408992.gif?type=mp4w800,naver_blog,
223396152843,https://mblogvideo-phinf.pstatic.net/MjAyNDAzMjZfODQg/MDAxNzExNDI4MzQyODA4.C2_IJ2U7W8Ej2drg5lfOal6ukFxQZ--WtOcCZFmxAykg.he_4Y4XddE7IrXzB18DqWHVRMbP3PqtbpzcxrLCcsdYg.GIF/3845276478.gif?type=mp4w800,naver_blog,
223991522373,https://www.youtube.com/embed/Pn-Nr_H_6zQ?feature=oembed,youtube,Pn-Nr_H_6zQ
223793666453,https://www.youtube.com/embed/YgpJm0wRFOw?feature=oembed,youtube,YgpJm0wRFOw
223793666453,https://mblogvideo-phinf.pstatic.net/MjAyNTAzMTJfMjAy/MDAxNzQxNzcxMjE3OTE0.lGe546X7DdrqoJDhCaJFmOilsx_4FzZfkHzp49mW3mQg.nmHBEFOTsGxBsCb4k5AEMdmsBquxjn_gDWQZ61yt-7wg.GIF/1741770270170.gif?type=mp4w800,naver_blog,
223706804780,https://www.youtube.com/embed/LsVenCqSedk?feature=oembed,youtube,LsVenCqSedk
223706804780,https://www.youtube.com/embed/Y1n9QuBfj4Y?feature=oembed,youtube,Y1n9QuBfj4Y
223706804780,https://www.youtube.com/embed/roVPBc4gbOc?feature=oembed,youtube,roVPBc4gbOc
223705606343,https://www.youtube.com/embed/LsVenCqSedk?feature=oembed,youtube,LsVenCqSedk
223705606343,https://www.youtube.com/embed/Y1n9QuBfj4Y?feature=oembed,youtube,Y1n9QuBfj4Y
223705606343,https://www.youtube.com/embed/roVPBc4gbOc?feature=oembed,youtube,roVPBc4gbOc
223679762843,https://www.youtube.com/embed/LsVenCqSedk?feature=oembed,youtube,LsVenCqSedk
223679762843,https://www.youtube.com/embed/Y1n9QuBfj4Y?feature=oembed,youtube,Y1n9QuBfj4Y
223679762843,https://www.youtube.com/embed/roVPBc4gbOc?feature=oembed,youtube,roVPBc4gbOc
223667893074,https://www.youtube.com/embed/dNZGxJ7tF6k?feature=oembed,youtube,dNZGxJ7tF6k
223693501931,https://www.youtube.com/embed/nJcnJZTi10A?feature=oembed,youtube,nJcnJZTi10A
223630492809,https://www.youtube.com/embed/rXPkqll72Ic?feature=oembed,youtube,rXPkqll72Ic
223526229350,https://www.youtube.com/embed/3h70ksq-diE?feature=oembed,youtube,3h70ksq-diE
223526229350,https://www.youtube.com/embed/mq6-OlJipFo?feature=oembed,youtube,mq6-OlJipFo
224010093621,https://www.youtube.com/embed/yur6xFC1uYE?feature=oembed,youtube,yur6xFC1uYE
223969035754,https://www.youtube.com/embed/85t8WxZONYg?feature=oembed,youtube,85t8WxZONYg
223970962915,https://www.youtube.com/embed/4h_LB5rodzI?feature=oembed,youtube,4h_LB5rodzI
224059809627,https://www.youtube.com/embed/Z2jI2_zGhkM?feature=oembed,youtube,Z2jI2_zGhkM
223671874616,https://mblogvideo-phinf.pstatic.net/MjAyNDExMjVfMjg3/MDAxNzMyNDcwODk4MDY0.U3ewgvcd_ZfdBcpusTmprZ84ydBDOq26bVqNiPxUtfIg.Xgzl2gWduYlYoX5JBNPPRXgaM0Vmx9n7IV23XfGqNTEg.GIF/2024%EF%BC%BF11%EF%BC%BF25_02%EF%BC%BF18%EF%BC%BF1.gif?type=mp4w800,naver_blog,
223657890676,https://www.youtube.com/embed/jVWWUIfCl-A?feature=oembed,youtube,jVWWUIfCl-A
223657818741,https://www.youtube.com/embed/sPDx3e7GzM0?feature=oembed,youtube,sPDx3e7GzM0
224058677231,https://www.youtube.com/embed/-MIgtuk7zX0?feature=oembed,youtube,-MIgtuk7zX0
224052097294,https://www.youtube.com/embed/5fAvmEKAbpI?feature=oembed,youtube,5fAvmEKAbpI
224052145773,https://www.youtube.com/embed/oodJq_SCg48?feature=oembed,youtube,oodJq_SCg48
224052108578,https://www.youtube.com/embed/NPyJGeixzAA?feature=oembed,youtube,NPyJGeixzAA
224051743554,https://www.youtube.com/embed/rS6Up1ZUHko?feature=oembed,youtube,rS6Up1ZUHko
223889312626,https://mblogvideo-phinf.pstatic.net/MjAyNTA2MDVfMjkg/MDAxNzQ5MDg5MjIxOTAw.8Ds3YBZzx8zWlfXHnUsGbWMB-yMOxGZOwH1cOReFETkg.07qcX5u-s8MRBY39WF-QFxAwsCqUGQVMgCF-XY34LOIg.GIF/%EA%B5%AD%EC%A0%9C%ED%96%89%EC%82%AC_%EC%B4%AC%EC%98%81_%EC%BB%A8%ED%8D%BC%EB%9F%B0%EC%8A%A4_%EB%8F%84%EC%9C%A0%EB%8B%88%EB%B2%84%EC%8A%A4%EC%8A%A4%ED%8A%9C%EB%94%94%EC%98%A4.gif?type=mp4w800,naver_blog,
223773889124,https://www.youtube.com/embed/svre_xOXdmI?feature=oembed,youtube,svre_xOXdmI
223769262787,https://mblogvideo-phinf.pstatic.net/MjAyNTAyMjJfMTM5/MDAxNzQwMTcwMDE3NzI0.dH5Zifni2lSL6I7FJGDY-ala6SV-yxEytamRgTvCjMIg.fTy0TVYj8h5Wl6h3kDUGupKTZ9q6HsFB4AXIGFqXD_gg.GIF/%ED%8C%8C%EB%9E%80%EC%83%89_%EA%B8%B0%EC%97%85_%EB%B9%84%EC%A6%88%EB%8B%88%EC%8A%A4_%EB%A7%88%EC%BC%80%ED%8C%85_%EC%98%A8%EB%9D%BC%EC%9D%B8_%EA%B0%95%EC%9D%98_%EB%AA%A8%EC%A7%91_%EC%9D%B8%EC%8A%A4%ED%83%80%EA%B7%B8%EB%9E%A8_%ED%8F%AC%EC%8A%A4%ED%8A%B8.gif?type=mp4w800,naver_blog,
223769262787,https://www.youtube.com/embed/CAsqoGnE_Fg?feature=oembed,youtube,CAsqoGnE_Fg
224031351630,https://www.youtube.com/embed/0v7bdH1lcyc?feature=oembed,youtube,0v7bdH1lcyc
223818393277,https://mblogvideo-phinf.pstatic.net/MjAyNTA0MDJfMTY0/MDAxNzQzNTIxNTgwNzQ5.gE5n6r8XXzOtkhjeEkhJ94li3NzmMI355pPhq3hmcvAg.7wNMw-vLm2Y-LLg-bz6eUeVJzXWWk_GU55IroJY4TJEg.GIF/2373368050.gif?type=mp4w800,naver_blog,
223818393277,https://mblogvideo-phinf.pstatic.net/MjAyNTA0MDJfMjIy/MDAxNzQzNTIwNzk3NTg4.vc6WmG-H48Usc8kvsaOxcEz2QuFWQT_DjFJ03jhbx-8g._djsQxKhVaG_PiQCKQKnYX7kPn32iwsE-gTyv57aIZYg.GIF/2212222831.gif?type=mp4w800,naver_blog,
223818393277,https://mblogvideo-phinf.pstatic.net/MjAyNTA0MDJfMTc3/MDAxNzQzNTIzNTQ5OTQw.AiUb_mQFx72ahkWGW9uW17c0poaFEAc-eBDpYLucYqEg.8ljTuLfl9VeMo8tMn6jUuplg6kayRga5hy5cNdPtzw8g.GIF/2036911002.gif?type=mp4w800,naver_blog,
223818393277,https://mblogvideo-phinf.pstatic.net/MjAyNTA0MDJfMTQ3/MDAxNzQzNTIwODkzNzIy.Jc-efkdp9D3FyY9QzF81nNe-nIcqxl0rqkjFly_D4psg.4405PsPj4v0McIlvzxaYAC7syyy4ogsmfdAunWeqr8Mg.GIF/1629573963.gif?type=mp4w800,naver_blog,
223818393277,https://mblogvideo-phinf.pstatic.net/MjAyNTA0MDJfMjQy/MDAxNzQzNTIxOTcwNDAw.IL-RBKwpvzDC8VXdag6mD6W1c9EeF1RGjnIPzMjojb4g.-ppgbNNsZ1UgAObvkht_RUBOV2vyXDdK1dFIty_VPUYg.GIF/1721071561.gif?type=mp4w800,naver_blog,
223818393277,https://mblogvideo-phinf.pstatic.net/MjAyNTA0MDJfMTU5/MDAxNzQzNTIyMTA5ODM2.BV6KlNOeHhQXRGr53CdkvSwkLtvcCrbAD_F3nJbcARog.apEkI9edEXwedRyo8_uXQRG6AzQW8iW9UwACQsPdrswg.GIF/3611371999.gif?type=mp4w800,naver_blog,
223818393277,https://mblogvideo-phinf.pstatic.net/MjAyNTA0MDJfMjk5/MDAxNzQzNTIzNjc3NzQx.adxGohj_MccyUZqzN_pfNF9KN9m2t3e8nro3YmEqIwgg.sDqS7_ECkBuRcIdVmDmnxCydFpUNI1kjE8J-bmPtzV0g.GIF/896075015.gif?type=mp4w800,naver_blog,
223818393277,https://mblogvideo-phinf.pstatic.net/MjAyNTA0MDJfMjg3/MDAxNzQzNTIzODQ4NjUz.XvTb8UKbtT89kfRGapmKKyK--J8sHIfpBTMgVFE80Q0g.Is6nx5YZgLO-3L_5L-S4Sh7UyLiceXx7TVmRzxvhL7Mg.GIF/2125603275.gif?type=mp4w800,naver_blog,
223818393277,https://mblogvideo-phinf.pstatic.net/MjAyNTA0MDJfMTY4/MDAxNzQzNTI0MTUyNzUy.YUaL6FbIGgbXeXrJyyz79OZYFEoxNj_PsWwdlpluk0cg.cak4O1K-MdWQh628nPxOqq8Kuv0mr-3tmDOQ2H4vUKYg.GIF/1837629523.gif?type=mp4w800,naver_blog,
223818393277,https://mblogvideo-phinf.pstatic.net/MjAyNTA0MDJfMTE0/MDAxNzQzNTIzNTg3NTQ4.qfyYxxB1tQZKXKAYb1dfe6UljB07gHUJ3eSoZ1_jc5Ag.b8TRmpcZKRdaBCbWAgtWd9sh2jK-k_d6U4G3vLwy9Tgg.GIF/3311516778.gif?type=mp4w800,naver_blog,
223098144117,https://www.youtube.com/embed/EmPd2szKkto?feature=oembed,youtube,EmPd2szKkto
223452687267,https://mblogvideo-phinf.pstatic.net/MjAyNDA1MjBfMTM5/MDAxNzE2MTk0NDM4OTUx.WTNVtFPx9ubRwjKntMZCnHHD76vjiLpwDswlAGs7-LIg.C7Lpg_63qvwrIjzLuZDFuefbHazOx__yTATd6q5GtKYg.GIF/40.gif?type=mp4w800,naver_blog,
223452687267,https://mblogvideo-phinf.pstatic.net/MjAyNDA1MjBfNTYg/MDAxNzE2MTk0NDI3MDIw._JkqkPkssyBWNbGtp6MAYB6AuRS8v229OyGFqSiQ5LYg.-ejTQsh4CTnyopeE7nlHD9KTsT7gIAbXGH9uLLdZeUcg.GIF/댓글안내_(1).gif?type=mp4w800,naver_blog,
223356609639,https://www.youtube.com/embed/IadBPp-a3Dc?feature=oembed,youtube,IadBPp-a3Dc
223356609639,https://www.youtube.com/embed/UA3-ofLxdGc?feature=oembed,youtube,UA3-ofLxdGc
223356609639,https://www.youtube.com/embed/MGoWacG2IDU?feature=oembed,youtube,MGoWacG2IDU
223356609639,https://www.youtube.com/embed/vj5djvRqipA?feature=oembed,youtube,vj5djvRqipA
223280947471,https://mblogvideo-phinf.pstatic.net/MjAyMzEyMDJfMjA4/MDAxNzAxNDkzOTYwOTU2.y2KnuVVkCIcXSs4O1MNOVFVksBcJ4iWsMhNHsyAHbx0g.aXR_f8lm-DS59WqJq_uFFWRfwxHNjzc4-kSHVxQxJS8g.GIF.arpawin/1701493961115.gif?type=mp4w800,naver_blog,
223267829142,https://www.youtube.com/embed/Ce9krh247fI?feature=oembed,youtube,Ce9krh247fI
223267829142,https://www.youtube.com/embed/25xz43Mu7-k?feature=oembed,youtube,25xz43Mu7-k
223267829142,https://www.youtube.com/embed/HtFDDp62gWQ?feature=oembed,youtube,HtFDDp62gWQ
223267829142,https://www.youtube.com/embed/9jqtcPU2w24?feature=oembed,youtube,9jqtcPU2w24
223267829142,https://www.youtube.com/embed/CiFV69DnE1M?feature=oembed,youtube,CiFV69DnE1M
223180425980,https://mblogvideo-phinf.pstatic.net/MjAyMzA4MTBfMiAg/MDAxNjkxNjY0MjU5MTYz.hl9UgALs4cyGBRaANEoprWer4jY7_WAuenXevAgP_B0g.-EkM0PvQS0urFJ7IhGV1kZeO7lABV6vA2vp9L5yyJnMg.GIF.jinju5295/se%EF%BC%BFone%EF%BC%BFani%EF%BC%BF20230810%EF%BC%BF193254%EF%BC%BFa.gif?type=mp4w800,naver_blog,
223176381075,https://www.youtube.com/embed/ZILy36hG0p4?feature=oembed,youtube,ZILy36hG0p4
223129465086,https://www.youtube.com/embed/HbuAOcKc3YY?feature=oembed,youtube,HbuAOcKc3YY
223128200252,https://www.youtube.com/embed/dVzzXrQkOU4?feature=oembed,youtube,dVzzXrQkOU4
223122767077,https://www.youtube.com/embed/Z-mJDWQFSOs?feature=oembed,youtube,Z-mJDWQFSOs
223099515114,https://www.youtube.com/embed/dVzzXrQkOU4?feature=oembed,youtube,dVzzXrQkOU4
223062354030,https://www.youtube.com/embed/YEpm-NZhZiA?feature=oembed,youtube,YEpm-NZhZiA
223055328686,https://www.youtube.com/embed/xjBCnBei844?feature=oembed,youtube,xjBCnBei844
223052970211,https://www.youtube.com/embed/gqN4KtCZLi8?feature=oembed,youtube,gqN4KtCZLi8
223052970211,https://mblogvideo-phinf.pstatic.net/MjAyMzAzMjNfMjk4/MDAxNjc5NTAzNzA3NjAw.Emi1hRYaZc6kNQppAUmfqfhCWBg_xx3NrhAu7p_jeQYg.ETQvnr_fVXRPbm-fZqk7gDHSBJvsFnUk-xY8TzEW_c8g.GIF.ilovesom22/%EB%8F%85%EC%9D%BC_%ED%94%BC%EC%97%A0_%ED%94%BC%ED%8A%B8%EB%9D%BC%EC%9D%B8_%ED%8C%8C%EC%9B%8C%EC%B9%B5%ED%85%8C%EC%9D%BC_%EB%A6%AC%EC%8A%A4%ED%86%A0%EB%A0%88%EC%9D%B4%ED%8A%B8_%EC%95%A1%ED%8B%B0%EB%B0%94%EC%9D%B4%EC%A6%88_3%EC%A2%85_%EC%84%B8%ED%8A%B8.gif?type=mp4w800,naver_blog,
223048928224,https://www.youtube.com/embed/q7LIR8D43ys?feature=oembed,youtube,q7LIR8D43ys
223047633571,https://www.youtube.com/embed/IK9C9w9xacI?feature=oembed,youtube,IK9C9w9xacI
223042078896,https://www.youtube.com/embed/e5UfSIChpOo?feature=oembed,youtube,e5UfSIChpOo
223037856769,https://www.youtube.com/embed/TKZIfcyZW2s?feature=oembed,youtube,TKZIfcyZW2s
223035926437,https://www.youtube.com/embed/ojFy1TwgYhY?feature=oembed,youtube,ojFy1TwgYhY
223033295794,https://www.youtube.com/embed/YbDqJh8Q4j0?feature=oembed,youtube,YbDqJh8Q4j0
223028976079,https://www.youtube.com/embed/Vk2lf0zXBpk?feature=oembed,youtube,Vk2lf0zXBpk
222995769369,https://www.youtube.com/embed/p8c672lQpjE?feature=oembed,youtube,p8c672lQpjE
222978920753,https://www.youtube.com/embed/7Uyb25GG1yI?feature=oembed,youtube,7Uyb25GG1yI
222978920753,https://www.youtube.com/embed/LJhL6m9NtHk?feature=oembed,youtube,LJhL6m9NtHk
222976864911,https://www.youtube.com/embed/bTAMUWuxy_4?feature=oembed,youtube,bTAMUWuxy_4
222976864911,https://mblogvideo-phinf.pstatic.net/MjAyMzAxMDZfMjYg/MDAxNjcyOTg5MTMyODcw.IJiHVaI_9yFy8czv2-MfBICQY8kSZ6SPHFRRdt13UUcg.lFi15xZDu8YyWGpDLCw_viQtp_RZglN8_YfxD7KAfOkg.GIF.ilovesom22/%EC%9D%B8%EC%85%80%EB%8D%A4_%EC%9B%90%EB%B9%88_%EA%B8%B0%EC%B4%88_%ED%99%94%EC%9E%A5%ED%92%88_%EB%9E%98%EB%94%94%EC%96%B8%EC%86%9C100.gif?type=mp4w800,naver_blog,
222974131762,https://www.youtube.com/embed/1XKdiyRHK0w?feature=oembed,youtube,1XKdiyRHK0w
222967253852,https://mblogvideo-phinf.pstatic.net/MjAyMjEyMjdfMjE3/MDAxNjcyMTIxMDU3NTgz.iiCtLVyRuP6x51ipoYp7582MDyadzCkYsdj64XmWDC0g.4SjFjpZN5btTWchOKe2ViCgxNl7Rdx3E4gwD7gZtX1Ig.GIF.pjinna7/IMG_8085.GIF?type=mp4w800,naver_blog,
222967253852,https://mblogvideo-phinf.pstatic.net/MjAyMjEyMjdfMTUg/MDAxNjcyMTIxMDUwNzI1.cMA8CDPpluoVa6dLbk92wd9J9L5Fr2xD62oN7fI74tIg.Cp_b3wZgE1hJ9pCtHZ5xruBBstFHZohEkXacmczm1lcg.GIF.pjinna7/IMG_8084.GIF?type=mp4w800,naver_blog,
222917851309,https://www.youtube.com/embed/IXCt2mTpPxE?feature=oembed,youtube,IXCt2mTpPxE
222912544133,https://mblogvideo-phinf.pstatic.net/MjAyMjEwMjdfMTI4/MDAxNjY2ODc0MDg4MjU2.6QJW841ixnBRWT6Cspddjq0oL4POpKAnlTaq6hlEfiMg.PEr9PcyCAoWMPg275cTBpbWLV7xhOJeauUA0Q1cjgPAg.GIF.gm663927/%EC%BA%A1%EC%B2%984.GIF?type=mp4w800,naver_blog,
222912544133,https://mblogvideo-phinf.pstatic.net/MjAyMjEwMjdfMzkg/MDAxNjY2ODc0MDk5ODQ5._yZZ8UxLyV9acM03qx_P8QiSJwTcTNz4pXU5QQfzzNEg.W3DcMKTVKx0LFdErYu1L4pIkmpUNSTdeWtbQnjruQ_Ag.GIF.gm663927/%EC%BA%A1%EC%B2%98.GIF?type=mp4w800,naver_blog,
222912544133,https://mblogvideo-phinf.pstatic.net/MjAyMjEwMjdfMTIx/MDAxNjY2ODc0MDcyODkw.GMK9KSC1bmJacTKnnt1lhoeMGpZDT91tQuJsRKx-MJYg.0Ow8BOLCyEPYxCZv1LGYyjTaPzKu8JUe-qZy8GNy2pgg.GIF.gm663927/%EC%BA%A1%EC%B2%982.GIF?type=mp4w800,naver_blog,
222912544133,https://mblogvideo-phinf.pstatic.net/MjAyMjEwMjdfMjM3/MDAxNjY2ODc0MDQyMzY3.RAKjv5XW8NNR0BRXyL0kCU0nPj8jSs09Z-V4_SQ2nN0g.gjJ9NzVlRXX_XiguRgmO-sXaVGexPnOvor1OXDKQYzQg.GIF.gm663927/%EC%BA%A1%EC%B2%983.GIF?type=mp4w800,naver_blog,
223863963232,https://mblogvideo-phinf.pstatic.net/MjAyNTA1MTNfMjgx/MDAxNzQ3MTAxMjY4ODc4.f_v8-AC25BTd2TUoFvM_-gI_gf63rPgYZnIb9ZuDQpAg.Dg_VkYeNgbktS2bVAiNq0B5cFNXC7Eze82E_yDve_Qog.GIF/KakaoTalk_20250513_105115026.gif?type=mp4w800,naver_blog,
223863963232,https://mblogvideo-phinf.pstatic.net/MjAyNTA1MTNfMjky/MDAxNzQ3MTAxMjU5MDkw.eZaStmuSXJYSm2lv8A5rwh1FZHBnmEf3GbpoZVUoyU8g.xqItU3t1y51LlDAnAGtUVWshE2P2nuQv6FCDPJnVSJwg.GIF/KakaoTalk_20250513_105113320.gif?type=mp4w800,naver_blog,
223443540064,https://mblogvideo-phinf.pstatic.net/MjAyNDA1MTFfMTMg/MDAxNzE1NDE4NDAxMzU1._38Vf2c83VTnGhJByRtRcOkfATUb-BZFwj8kAAqUPTcg.p0xjH1asqPTUcPNEGI3ogMAE78qhoxSCmaXFmTgifycg.GIF/%EC%A0%9C%EB%AA%A9_%EC%97%86%EC%9D%8C.gif?type=mp4w800,naver_blog,
223443540064,https://www.youtube.com/embed/5vG6aTrtbQY?feature=oembed,youtube,5vG6aTrtbQY
224064686473,https://www.youtube.com/embed/cVsAi4lVhMc?start=41&feature=oembed,youtube,cVsAi4lVhMc
223533549169,https://www.youtube.com/embed/md8CYQ9MD1s?feature=oembed,youtube,md8CYQ9MD1s
223126416558,https://www.youtube.com/embed/cBrDws_8vWY?feature=oembed,youtube,cBrDws_8vWY
223126416558,https://www.youtube.com/embed/hUDI0vMTgCw?feature=oembed,youtube,hUDI0vMTgCw
223126416558,https://www.youtube.com/embed/hj7iNDBh-_s?feature=oembed,youtube,hj7iNDBh-_s
223126416558,https://www.youtube.com/embed/9iAMaMAb22w?feature=oembed,youtube,9iAMaMAb22w
223195136119,https://www.youtube.com/embed/hUDI0vMTgCw?feature=oembed,youtube,hUDI0vMTgCw
223195136119,https://www.youtube.com/embed/hj7iNDBh-_s?feature=oembed,youtube,hj7iNDBh-_s
223195136119,https://www.youtube.com/embed/9iAMaMAb22w?feature=oembed,youtube,9iAMaMAb22w
223166041728,https://www.youtube.com/embed/JytVY68aRwo?feature=oembed,youtube,JytVY68aRwo
222962278873,https://www.youtube.com/embed/7G5rmWxM7Z4?feature=oembed,youtube,7G5rmWxM7Z4
223493982946,https://mblogvideo-phinf.pstatic.net/MjAyNDA2MjhfMjE2/MDAxNzE5NTMzNDE3NzYw._5gt0JPLCW0jHmv2OPfEWK5b8at0gcqh4m6b2T3SJg4g.HZAvjhaANHeGB71sxa3pP062GMKADpvne8rmJtG_bisg.GIF/9.gif?type=mp4w800,naver_blog,
223493982946,https://mblogvideo-phinf.pstatic.net/MjAyNDA2MjhfMjk4/MDAxNzE5NTMzNDE0ODA3.38xAqjxHtAZKg56q9j6uxzFDebqxtKPtEvBxQkUM5Jwg.Y-ZinejpEG4rNIfZxVWRE2LPkFBbYre-MLjcjZjLclYg.GIF/댓글안내_(20).gif?type=mp4w800,naver_blog,
223441955145,https://mblogvideo-phinf.pstatic.net/MjAyNDA1MTBfNzgg/MDAxNzE1Mjc0NDYzMTA1.4XUmXbw5FYkqZxYzUEjl-t2PJXH4Yu41fsKHeANu7jwg.CQEFwwzxAlrlJZcjhJUCQuc6tt85tBFMxUR6H0_67PAg.GIF/35.gif?type=mp4w800,naver_blog,
223441955145,https://mblogvideo-phinf.pstatic.net/MjAyNDA1MTBfMzAg/MDAxNzE1Mjc0NDYwNjkz.bjx7YQ2bs_RbtiL4ZbGdopccpkI_Le-e4eN5kJUlLWkg.a1hH4QXeZAx0-elL6FG5VW8wdTmm4S_ChlQXDacaV4Yg.GIF/댓글안내_(26).gif?type=mp4w800,naver_blog,
223243260123,https://www.youtube.com/embed/P2fgr8ufxdY?feature=oembed,youtube,P2fgr8ufxdY
