video_id,url,title,transcript_status
adb4kpt6_dM,https://www.youtube.com/watch?v=adb4kpt6_dM,[피엠인터내셔널] 독일피엠3종쥬스 먹을 때 꼭 알아야할 꿀팁대방출 1탄!,error
83swE8lX2XA,https://www.youtube.com/watch?v=83swE8lX2XA,피엠인터내셔널 독일피엠쥬스 집중적인 에너지 충전이 필요할때 후회없는 뮤노겐,error
63L-keTuU5M,https://www.youtube.com/watch?v=63L-keTuU5M,[독일피엠학교]-액티바이즈(Activize) 제품설명 (독일PM-피엠인터내셔널),error
PvKdkqEftC4,https://www.youtube.com/watch?v=PvKdkqEftC4,[공식영상] 피엠인터내셔널코리아 영종 물류센터,error
Br5Fx8Xz2Lc,https://www.youtube.com/watch?v=Br5Fx8Xz2Lc,독일피엠 사업 시작전 후회 안하고 싶다면 꼭 보세요! 피엠인터내셔널,error
6WnOQCYuftc,https://www.youtube.com/watch?v=6WnOQCYuftc,나는 질병 없이 살기로 했다 *독일피엠  #피엠인터내셔널 #독일피엠주스 #채이나PT,error
seFu5o7gk5g,https://www.youtube.com/watch?v=seFu5o7gk5g,[피엠인터내셔널] 리얼경험담 독일PM쥬스 뭐가 좋아요? 진짜 좋아요?,error
j9Rlh2nciQM,https://www.youtube.com/watch?v=j9Rlh2nciQM,[피엠인터내셔널 창립자&CEO] Sunday Secrets 시즌 5 - 중요한 것에 집중하는 법,error
bKQsjpQPMYQ,https://www.youtube.com/watch?v=bKQsjpQPMYQ,[독일피엠학교] 놀라운 회사 PM / 독일피엠-피엠인터내셔널,error
uiE3CIsioP0,https://www.youtube.com/watch?v=uiE3CIsioP0,피엠인터내셔널 비즈니스 성장 비결 '오토십 편',error
YKMiBmUMZKc,https://www.youtube.com/watch?v=YKMiBmUMZKc,독일피엠주스 파워칵테일 성분을 보면 효능이 보인다!(피엠인터내셔널),error
neTI9CjhT00,https://www.youtube.com/watch?v=neTI9CjhT00,독일피엠주스 액티바이즈 언제 먹어야 가장 효과 있나요? 피엠인터내셔널,error
pufFfVGmORU,https://www.youtube.com/watch?v=pufFfVGmORU,피엠인터내셔널코리아 제품주문 방법(모바일),error
Y8lJz8IVAf8,https://www.youtube.com/watch?v=Y8lJz8IVAf8,[피엠인터내셔널 보상플랜] #3 ABO와 퍼스트라인 보너스,error
-V8KgDmMOMA,https://www.youtube.com/watch?v=-V8KgDmMOMA,[독일피엠학교]-제품섭취방법 (독일PM-피엠인터내셔널),error
Kf1FVIDzuSk,https://www.youtube.com/watch?v=Kf1FVIDzuSk,[피엠인터내셔널]  단백질 알고 먹자~!유청단백질 웨이와 프로쉐이프 비교 및 PM쥬스 효과보는법?,error
wPDt_OLixow,https://www.youtube.com/watch?v=wPDt_OLixow,[피엠인터내셔널] 독일피엠 글로벌 해외가입과 주문방법 쉽게 알려드릴게요^^,error
mLMLY1gS_uE,https://www.youtube.com/watch?v=mLMLY1gS_uE,"독일피엠인터내셔널, ✔사업설명📍pm인터내셔널,독일피엠,fitline",error
VyN3Q1jXmPc,https://www.youtube.com/watch?v=VyN3Q1jXmPc,[더드림그룹] PM의 독보적인 보상플랜 #피엠인터내셔널,error
wBFW5BttHNs,https://www.youtube.com/watch?v=wBFW5BttHNs,113✔독일 PM 피엠인터내셔널   산소를 공급하는 액티바이즈,error
nPBEmh37shU,https://www.youtube.com/watch?v=nPBEmh37shU,피엠 SPT김시온 역경을 극복하고 #피엠인터내셔널 코리아 #피엠스피치 #퀀텀그룹 #변을철 #Jade Byun #010 3803 7557,error
5aH8teeqKxg,https://www.youtube.com/watch?v=5aH8teeqKxg,[독일피엠학교]-피엠제품 권장량-기본편(독일PM-피엠인터내셔널),error
JOkkjYOuiFo,https://www.youtube.com/watch?v=JOkkjYOuiFo,[독일피엠학교]-마이크로솔브(microsolve) (독일PM-피엠인터내셔널),error
FNXLFO_NmI8,https://www.youtube.com/watch?v=FNXLFO_NmI8,피엠인터내셔널 - PM International,error
Ybg30FpRVuw,https://www.youtube.com/watch?v=Ybg30FpRVuw,피엠 다단계#shorts,error
8d2jbADLK4c,https://www.youtube.com/watch?v=8d2jbADLK4c,다단계 파헤치기 - 독일피엠쥬스의 실체,error
hCAuUealWug,https://www.youtube.com/watch?v=hCAuUealWug,독일 피엠쥬스 아침에 이렇게 드세요/ pm주스 복용법,error
8LT_nR9wBFk,https://www.youtube.com/watch?v=8LT_nR9wBFk,독일피엠주스 액티바이즈 공복에 꼭 이렇게 드세요~제품문의 조효라 010 8639 1515 #독일피엠 #독일pm #피엠인터내셔널,error
2PjqP8cNhl0,https://www.youtube.com/watch?v=2PjqP8cNhl0,피엠주스가 고카페인이라구요? #독일pm쥬스 #독일피엠 #독일pm #피엠주스 #피엠사업,error
RL1R3mqUrtI,https://www.youtube.com/watch?v=RL1R3mqUrtI,🇩🇪[Q&A]피엠주스 섞어먹어도 되나요? #독일피엠#피엠주스#pm #영양제#독일영양제,error
LH7D7zmbrws,https://www.youtube.com/watch?v=LH7D7zmbrws,🇩🇪독일PM쥬스 먹는방법 이 영상 하나로 끝!! #해강그룹 #독일pm프리미엄주스 #fitline #pminternational #액티바이즈 #리스토레이트 #파워칵테일,error
g3LiCLosUNk,https://www.youtube.com/watch?v=g3LiCLosUNk,PM 하다가 현타가 와서 올린 영상,error
ABLmSIKYVFU,https://www.youtube.com/watch?v=ABLmSIKYVFU,[#독일피엠_체험스토리] 독일피엠 먹고 이럴수가 있어???,error
SwBEzKsxhyc,https://www.youtube.com/watch?v=SwBEzKsxhyc,피엠주스 요즘 왜이리 핫한데? 제품 궁금하신 분들은 댓글 고고♥️ #피엠주스 #피엠쥬스 #독일피엠 #독일pm #미국피엠,error
j7DANEnTGwY,https://www.youtube.com/watch?v=j7DANEnTGwY,"독일피엠쥬스가 처음이라면? 이영상 부터 시작해보세요ㅣ효능, 가격, 먹는 방법까지 간단하게 10분만에 정리ㅣ독일pm주스",error
f48C89YdYK4,https://www.youtube.com/watch?v=f48C89YdYK4,혈관건강과 산화질소 독일피엠 뮤노겐!!! 산화질소 끝판왕이 있었네요!,error
8nFN1hzKH5E,https://www.youtube.com/watch?v=8nFN1hzKH5E,연예인도 선택한 독일피엠 (PM) 면역력 강화쥬스 !🍹건강한 면역력을 지키고 피로를 회복하세요 ! 💪🏻 댓글에 여러분의 건강관리 팁도 남겨주세요 ✍🏻,error
Fn23bKMqIR0,https://www.youtube.com/watch?v=Fn23bKMqIR0,독일피엠 신제품 요거트 대박! 너무 맛있어요#독일피엠 #독일피엠쥬스#독일피엠요거트,error
FdipOx69kRM,https://www.youtube.com/watch?v=FdipOx69kRM,#피엠사업 #억대연봉 #독일PM #분당피엠 #독일피엠 마케팅 전문가 승급 제조기 박한슬아,error
4uPH8giEbMA,https://www.youtube.com/watch?v=4uPH8giEbMA,디드링크의 모든것🍏💚2분만 투자해서 들어보세요! #디드링크 #독일피엠 #독일pm #독일피엠쥬스 #피트라인,error
vGCnIpRYWmY,https://www.youtube.com/watch?v=vGCnIpRYWmY,신교수가 밝힌다. 독일피엠쥬스 후기,error
H_DHIzNR_1o,https://www.youtube.com/watch?v=H_DHIzNR_1o,[독일피엠쥬스] 비타민 선택할 때 꼭 확인해야하는 3가지와 PM쥬스 마시고 효과가 모두 다른 이유,error
45mZg9S0Pa4,https://www.youtube.com/watch?v=45mZg9S0Pa4,독일피엠쥬스 PM 비타민 처음 접하시는분들 보시면 좋을영상 입니다.,error
wutlzKdvmww,https://www.youtube.com/watch?v=wutlzKdvmww,독일 피엠쥬스 액티바이즈 효능과 복용법,error
JehoExCyhIE,https://www.youtube.com/watch?v=JehoExCyhIE,독일피엠 의사도 인정한 피엠주스! 과일 야채 그대로 🍎,error
Ng8BY-YTiLw,https://www.youtube.com/watch?v=Ng8BY-YTiLw,독일PM 사업자 매니저 되는 방법 #독일피엠 #독일피엠쥬스 #독일피엠보상플랜 #네트워크마켓팅,error
53N1fe_FQuo,https://www.youtube.com/watch?v=53N1fe_FQuo,[독일피엠쥬스] 어떻게 먹어야 효과적일까요? #액티바이즈 #독일피엠세라,error
ZaPVPgxsCUQ,https://www.youtube.com/watch?v=ZaPVPgxsCUQ,"독일피엠, 대체 왜 할까? #피엠사업 #피엠주스 #독일pm쥬스 #독일pm #독일피엠",error
eUmPSJb35Zw,https://www.youtube.com/watch?v=eUmPSJb35Zw,독일pm쥬스 리스토레이트 효능과 복용법,error
1hZjf_aBWo8,https://www.youtube.com/watch?v=1hZjf_aBWo8,1분으로 보는 PM사업 보상플랜! #피엠인터내셔널 #독일pm #부업 #사업 #직장인부업,error
ttEWwv9KwJ8,https://www.youtube.com/watch?v=ttEWwv9KwJ8,미용실40년~건강악화중피엠제품을 만나서건강해지시면서 큰꿈을 이루고계신EVP사장님,error
ZFv3jsyvt3M,https://www.youtube.com/watch?v=ZFv3jsyvt3M,독일피엠 효과 없다고요~이 두가지 확인하세요 #독일피엠주스 #피엠먹는법 #피엠효과 #피엥소비자상담 #독일피엠사업,error
-GYD2fTv83k,https://www.youtube.com/watch?v=-GYD2fTv83k,PM이 네트워크 판을 바꾼이유 #피엠비지니스 #피엠사업 #독일피엠 #피엠인터내셔널 #네트워크마케팅,error
n-av5AVdQEQ,https://www.youtube.com/watch?v=n-av5AVdQEQ,4월 피엠뉴스 월드투어 특집! [PM News],error
QQ2Of73cYNc,https://www.youtube.com/watch?v=QQ2Of73cYNc,#다단계 #피엠인터내셔널 #독일pm #야베스#쏘해피팀,error
8tDl7TtMxWc,https://www.youtube.com/watch?v=8tDl7TtMxWc,봉PD가 말아주는 피엠 인터내셔널,error
1IiQWuJvxGE,https://www.youtube.com/watch?v=1IiQWuJvxGE,#피엠인터내셔널 3가지 인기 제품 소개할게요! #독일피엠 #대구피엠사업 #네트워크마케팅 #액티바이즈 #파워칵테일 #리스토레이트,error
NVVOfU3gvwI,https://www.youtube.com/watch?v=NVVOfU3gvwI,Pm인터내셔널 콩그래스 런칭!   4년만에 월 2천만원 이상의 직급자들이 어마무시하게 많죠?,error
9vbsT_fMLJM,https://www.youtube.com/watch?v=9vbsT_fMLJM,기회라고 생각해서 시작했어요 #독일피엠 #피엠인터내셔널 #피엠사업 #워킹맘 #네일리스트,error
AHDxmacMNw0,https://www.youtube.com/watch?v=AHDxmacMNw0,성공하고 싶어요? #독일피엠 #피엠인터내셔널 #피엠과하나 #장피디,error
pEcGq_iqMvM,https://www.youtube.com/watch?v=pEcGq_iqMvM,독일 PM 피트라인 파워칵테일/ 액티바이즈 #해강그룹 #독일pm #권리소득 #경제적자유 #레버리지 #독일피엠 #시스템소득 #시스템소득 #독일피엠쥬스 #인세소득 #pm쥬스,error
FsdWGnC7Qzw,https://www.youtube.com/watch?v=FsdWGnC7Qzw,[피엠인터내셔널] 건강기능식품 | FitLine 겔링핏   #건강관리 #관절건강 #피엠인터내셔널#FitLine겔링핏,error
gOuEPI9C6ug,https://www.youtube.com/watch?v=gOuEPI9C6ug,🔥 긴급 속보! 2025년 새로워진 [PM News],error
WcmXWdXQ6fg,https://www.youtube.com/watch?v=WcmXWdXQ6fg,[독일 PM]보상플랜 - 보상플랜을 아는것이 빠른 성장의 지름길입니다,error
x3OOeYZ-GlY,https://www.youtube.com/watch?v=x3OOeYZ-GlY,#피엠인터내셔널 #피엠 #pm #피엠인터내셔널코리아 #pminternationalkorea #피트라인 #fitline #독일 #건강기능식품 #뷰티 #콜라겐 마시는 콜라겐 뷰티~,error
j4F9x9fgK74,https://www.youtube.com/watch?v=j4F9x9fgK74,#독일피엠 #피엠사업 #피엠코리아 #독일PM #피엠인터내셔널,error
0qXnbzE-62E,https://www.youtube.com/watch?v=0qXnbzE-62E,[독일피엠1위사업가]독일PM 인터내셔널  제품 배송이 느린 이유?,error
IVHEo3W3yXc,https://www.youtube.com/watch?v=IVHEo3W3yXc,[독일피엠학교]-리스토레이트(Restorate) 제품설명 (독일PM-피엠인터내셔널),error
AQI1UhYcmrQ,https://www.youtube.com/watch?v=AQI1UhYcmrQ,#피엠주스 #독일피엠 #젤슈츠 #PMkorea #피엠인터내셔널 #분당피엠 #판교피엠,error
M_1l3hnOr_w,https://www.youtube.com/watch?v=M_1l3hnOr_w,피엠리더회의   #피엠인터내셔널  #롤프소르그 #피엠주스 #독일피엠백과사전뷰티쏭 #피엠더드림그룹,error
AkuFH_d6Eho,https://www.youtube.com/watch?v=AkuFH_d6Eho,피트라인 효능 약사가 정리한다 스타돈 약국,error
yuc0DUkuvMk,https://www.youtube.com/watch?v=yuc0DUkuvMk,피트라인 액티바이즈 언제 마시면 좋을까?,error
r8x6gbc4h7w,https://www.youtube.com/watch?v=r8x6gbc4h7w,[피트라인으로 플러스하다] #26- 에너지와 퍼포먼스를 위한 캡슐 제품! 뮤노겐,error
WgfmFvawyR4,https://www.youtube.com/watch?v=WgfmFvawyR4,요즘 최애 독일PM🇩🇪FITLINE🫶🏻 제품들 #독일pm #독일피엠 #독일피엠쥬스 #피엠주스 #독일pm쥬스 #fitline #피트라인,error
Z2SUVbY-SOI,https://www.youtube.com/watch?v=Z2SUVbY-SOI,액티바이즈 꼭!! 알고드세요❤️‍🔥,error
6K1tu0lNcQY,https://www.youtube.com/watch?v=6K1tu0lNcQY,액티바이즈 C-밸런스 리스토레이트 PM제품으로 해독실험 커피실험,error
E_vjiXVQQJI,https://www.youtube.com/watch?v=E_vjiXVQQJI,[피트라인으로 플러스하다] #3 리스토레이트편 - 회복과 재생을 레몬향과 함께 즐길 수 있다고?,error
9pP4MNJ2NiI,https://www.youtube.com/watch?v=9pP4MNJ2NiI,[피트라인으로 플러스하다] #18- 새로운 맛과 향으로 업그레이드된 겔링핏!,error
U3fFhhshLhY,https://www.youtube.com/watch?v=U3fFhhshLhY,#필굿요거트 #피트라인필굿요거트 #요거트만들기 #fitline,error
sdSXDiyUOcw,https://www.youtube.com/watch?v=sdSXDiyUOcw,#필굿요거트 #피트라인필굿요거트 #요거트만들기 #fitline #fitlinefeelgoodyoghurt,error
pz3jpqMiDPI,https://www.youtube.com/watch?v=pz3jpqMiDPI,기아의 쓰리피트라인 악연 이번에는,error
ZyKOWqjfdlE,https://www.youtube.com/watch?v=ZyKOWqjfdlE,논란의 쓰리피트 라인 어떻게 바뀌었을까?,error
PEPVUsx5HIQ,https://www.youtube.com/watch?v=PEPVUsx5HIQ,피트라인 기초 3종 #파워칵테일 #리스토레이트 #액티바이즈 #조이그룹 #독일pm,error
nJcnJZTi10A,https://www.youtube.com/watch?v=nJcnJZTi10A,[피트라인으로 플러스하다] #1 액티바이즈편 - 에너지가 필요할 땐?,error
DaF6cNuXo3o,https://www.youtube.com/watch?v=DaF6cNuXo3o,[피트라인으로 플러스하다] #28- 건강과 맛을 동시에 챙기는 프리미엄 유산균 발효 드링크! 필 굿 요거트,error
D4ZXjhsCqPc,https://www.youtube.com/watch?v=D4ZXjhsCqPc,#피트라인제품#액티바이즈#비타민B군#체온상승#면연력회복#산소포화도#혈관염증  액티바이즈는 막혀 있는 모세혈관을 청소하는 청소부 입니다. 제품및 사업문의:01099980317,error
MDiMxUqqUB8,https://www.youtube.com/watch?v=MDiMxUqqUB8,[피트라인으로 플러스하다] #2 파워칵테일편 - 56가지 영양소+유산균+에너지를 단 한 컵에?,error
vCIVEG0XG2c,https://www.youtube.com/watch?v=vCIVEG0XG2c,"[피트라인 듀오 성분, 효능] #비건 식물성 #오메가3 #코엔자임Q10 은 누가 먹어야 하나요? #DUO (전주 독일피엠 헤라 010-5658-0643)",error
WrhLLcOJG70,https://www.youtube.com/watch?v=WrhLLcOJG70,액티바이즈 개봉기~ 숟가락 찾기~ 피트라인 독일PM쥬스,error
TXecpmbrg-I,https://www.youtube.com/watch?v=TXecpmbrg-I,25년 드디어 바뀌는 3피트라인 규정,error
nC_WngmohOo,https://www.youtube.com/watch?v=nC_WngmohOo,[피트라인으로 플러스하다] #27- 여름엔 시원하게 겨울엔 따뜻하게 맛있는 한 잔! 허벌티,error
n8NBui2wFLQ,https://www.youtube.com/watch?v=n8NBui2wFLQ,📢 피트라인 디드링크 일반 판매 시작!,error
rsz66cmN4tw,https://www.youtube.com/watch?v=rsz66cmN4tw,#피트라인 #탑쉐이프 #Topshape #다이어트 #식욕조절 #식욕억제 #포만감 #피엠다이어트,error
9775gfSCrvI,https://www.youtube.com/watch?v=9775gfSCrvI,Today’s vibes with #fitline 🤍🖤#goodvibes #vibes #피트라인 #독일pm #독일피엠,error
ipx_jfEsRfs,https://www.youtube.com/watch?v=ipx_jfEsRfs,[피트라인으로 플러스하다] #6 NEW 젤슈츠_오렌지맛편 - 더욱 강력해진 세포를 보호하는 항산화의 힘!,error
VQxTskQrvwE,https://www.youtube.com/watch?v=VQxTskQrvwE,Head Over Feet Line Dance l 헤드 오버 피트 라인댄스 l Linedance l Linedancequeen l Junghye Yoon l Intermediate,error
f-RiZsYS3Q8,https://www.youtube.com/watch?v=f-RiZsYS3Q8,KOREA NATIONAL CONGRESS 2025,error
DgbtzTNTH3g,https://www.youtube.com/watch?v=DgbtzTNTH3g,오토십 구독하기 전 꼭 알아야 할 3가지,error
yur6xFC1uYE,https://www.youtube.com/watch?v=yur6xFC1uYE,KOREA NATIONAL CONGRESS 2025,error
BpPMJuasIJ4,https://www.youtube.com/watch?v=BpPMJuasIJ4,[슬기로운 건강생활]독일피엠 코리아 no.1 스피치,error
YUQiDVd-aGE,https://www.youtube.com/watch?v=YUQiDVd-aGE,"독일피엠 한장 보상플랜, 조이그룹 마케팅여왕 신상희 (소비자분들도 꼭 시청하세요) day10",error
RTC4h7BUiPs,https://www.youtube.com/watch?v=RTC4h7BUiPs,독일피엠쥬스 미네랄 리스토레이트 성분을 알면 기능이 보인다 안먹으면 큰일나는 이유~ 피엠인터내셔널,error
uCJ1EQMEB5Q,https://www.youtube.com/watch?v=uCJ1EQMEB5Q,KOREA NATIONAL CONGRESS 2025 하이라이트,error
LaWk2jjzyzA,https://www.youtube.com/watch?v=LaWk2jjzyzA,피엠인터내셔널을 소개합니다.,error
gc7gB1VRgac,https://www.youtube.com/watch?v=gc7gB1VRgac,[PM News] 4월 피엠뉴스,error
zf9JbERcQms,https://www.youtube.com/watch?v=zf9JbERcQms,#피엠 #독일피엠 #피엠주스 #리스토레이트 #파워칵테일 #탑쉐이프 #탑쉐이프선체험 #탑쉐이프후기 #탑쉐이프다이어트 #다이어트 #천연식욕억제제 #유지어터 #다이어터#위고비,error
nvkzQaXFZ1M,https://www.youtube.com/watch?v=nvkzQaXFZ1M,다이어트의 왕 탑쉐이프 파헤치기,error
HrE7hpZvZwY,https://www.youtube.com/watch?v=HrE7hpZvZwY,독일피엠 신제품 탑쉐이프 출시!!! 먹는 방법?,error
Y01YjFOAzkk,https://www.youtube.com/watch?v=Y01YjFOAzkk,부산독일피엠#탑쉐이프 #탑쉐이프후기 #탑쉐이프섭취방법 #식욕억제제 #식욕억제제탑쉐이프 #독일피엠 #독일피엠쥬스 #피엠주스,error
Wxmv8uQdW-k,https://www.youtube.com/watch?v=Wxmv8uQdW-k,현재 전세계 품절 완판된 '천연식욕억제제' 탑쉐이프 구매방법 및 섭취방법 알려드립니다 ★,error
Ck32yMQqVqI,https://www.youtube.com/watch?v=Ck32yMQqVqI,독일피엠 천연식욕억재제 탑쉐이프,error
weiDpy60H00,https://www.youtube.com/watch?v=weiDpy60H00,신제품 탑쉐이프 후기~ 보셨나요??? 많이 기다려지고 기다려지는 제품 입니다. #독일건강기능식품 #독일피엠 #피엠인터내셔널 #PMIYES그룹 #shorts,error
JC6Z0AcYSnc,https://www.youtube.com/watch?v=JC6Z0AcYSnc,천연 식욕억제제 #탑쉐이프 10일차 찐후기 🍀,error
qaipzprtkis,https://www.youtube.com/watch?v=qaipzprtkis,독일피엠 탑쉐이프 정식출시 !! #피엠주스 #다이어트,error
EfTPOrLGBO0,https://www.youtube.com/watch?v=EfTPOrLGBO0,탑쉐이프 효과 먹는 방법 #독일피엠탑쉐이프 #탑쉐이프 #피엠쥬스 #독일피엠쥬스 #대구피엠 #피엠오토십 #피엠인터내셔널 #피엠탑쉐이프,error
ZxxJOxxM2eU,https://www.youtube.com/watch?v=ZxxJOxxM2eU,독일피엠주스 신제품 탑쉐이프를 먼저 섭취할 수 있는 기회! 선정!🎉 독일피엠 게임체인저!! 다이어트 천연 식욕억제제 등장💜,error
8zstGPcxe7E,https://www.youtube.com/watch?v=8zstGPcxe7E,탑쉐이프와 샌드위치 #7일의기적  #pm쥬스#fitline #해강그룹#TopShape,error
zPxgAyYILvQ,https://www.youtube.com/watch?v=zPxgAyYILvQ,신제품 탑쉐이프 기다리고 기다려지는 빨리나와라 체험위해 열심히 찌우려니~기다려지는 제품 #건강주스스윗마녀 #독일건강기능식품 #독일피엠 #탑쉐이프 #다이어트문의,error
bwD47RF2Ut4,https://www.youtube.com/watch?v=bwD47RF2Ut4,[부산독일피엠] 탑쉐이프로 다이어트시장에서 돈벌기,error
4gvqXVXuw-E,https://www.youtube.com/watch?v=4gvqXVXuw-E,독일피엠 다이어트 제품 탑쉐이프 놀라운 후기!!!,error
_RrUHEm9w8k,https://www.youtube.com/watch?v=_RrUHEm9w8k,[topshape] 탑쉐이프 - 전세계 다이어트 시장 100조를 잡을 수 있는 기회!,error
k3cWMGFDxu0,https://www.youtube.com/watch?v=k3cWMGFDxu0,#신제품 #탑쉐이프 #다이어트의 #천연식욕억제제 #천연식욕조절,error
R9j5V_x94y8,https://www.youtube.com/watch?v=R9j5V_x94y8,천연유래 호르몬 균형으로 다이어트하는 탑쉐이프,error
F4xTttuGTgw,https://www.youtube.com/watch?v=F4xTttuGTgw,탑쉐이프,error
vXDe76M5Is8,https://www.youtube.com/watch?v=vXDe76M5Is8,[해강그룹] 탑쉐이프 한달 먹어본 리얼후기 (정소진),error
lyouwjbPL7I,https://www.youtube.com/watch?v=lyouwjbPL7I,사전예약중!!!  탑쉐이프 6월달 구매가능합니다~ 언제든 문의가능 #건강주스스윗마녀 #독일건강기능식품 #독일피엠부산 ##피엠인터내셔널 ##다이어트문의 #탑쉐이프 #shorts,error
v6upzOMnxWc,https://www.youtube.com/watch?v=v6upzOMnxWc,탑쉐이프로 다이어트 하세요~다이어트문의주세요~#shorts #fitline #2025 #탑쉐이프 #함께성공합시다 #피엠보상 #피엠인터내셔널 #독일건강기능식품 #독일피엠,error
Y9ezCIs_AS8,https://www.youtube.com/watch?v=Y9ezCIs_AS8,#탑쉐이프 #topshape #웰니스 #독일피엠 #피엠사업 #피트니스드링크 #분당피엠 #피엠사업,error
ouzZjsbeMNY,https://www.youtube.com/watch?v=ouzZjsbeMNY,식욕감소탑쉐이프5+1최저가진행🔥이번기회놓치지마세요문의01054023138#탑쉐이프#식욕감소 #포만감#천연#안전한다이어트#건강기능식품#독 일피엠#다이어트꿀팁#shorts#쇼츠,error
ZDE6hVeUVCY,https://www.youtube.com/watch?v=ZDE6hVeUVCY,신제품 탑쉐이프 6월 절찬리 구매가능 독일피엠 이탈리아에서 체험후기~ 문의주세요~#pmiyes그룹 #피엠보상 #피엠인터내셔널 #독일건강기능식품 #독일피엠 #신제품 #탑쉐이프,error
uZX0k593gmE,https://www.youtube.com/watch?v=uZX0k593gmE,#쉐이프업을위해 #탑쉐이프마스터 #독일피엠 #스트레칭의중요성,error
-eg1Isb39VA,https://www.youtube.com/watch?v=-eg1Isb39VA,천연 식욕억제제 탑쉐이프로 건물주 되기 문의 010 5358 3673,error
mi0inzvkwEI,https://www.youtube.com/watch?v=mi0inzvkwEI,#탑쉐이프 #독일피엠 #부산피엠 #대구피엠 #울산피엠 #조이그룹 #액티바이즈 #다이어터브이로그 #삼윤맘 #fitline,error
tn4GxYv72KA,https://www.youtube.com/watch?v=tn4GxYv72KA,피엠 피트라인 탑쉐이프 ,error
XKGP4ga8JDk,https://www.youtube.com/watch?v=XKGP4ga8JDk,독일PM 신제품 망고프로쉐이프,error
wGx0DzZUXwY,https://www.youtube.com/watch?v=wGx0DzZUXwY,독일피엠 장피디 프로쉐이프 단백질보충제 010-2031-0579,error
mQr_5f16itQ,https://www.youtube.com/watch?v=mQr_5f16itQ,"단백질 추천, 010-2031-0579 독일피엠 웨이, 프로쉐이프",error
2xATZWcdePw,https://www.youtube.com/watch?v=2xATZWcdePw,독일 PM 프로쉐이프 최고~❤️ #해강그룹 #독일pm #권리소득 #경제적자유 #레버리지 #독일피엠 #시스템소득 #시스템소득 #독일피엠쥬스 #인세소득 #pm쥬스,error
j_z99ENLgvA,https://www.youtube.com/watch?v=j_z99ENLgvA,[독일피엠학교]-프로쉐이프 제품소개-기본편 (독일피엠-피엠인터내셔널),error
Oh24nxJkaKA,https://www.youtube.com/watch?v=Oh24nxJkaKA,[NEW프로쉐이프] 체중조절 식사대용 완전식 ㅣ PM 프로쉐이프 신제품,error
kG4KqDz5lHM,https://www.youtube.com/watch?v=kG4KqDz5lHM,[해강로터스그룹] 웨이&프로쉐이프,error
o73ys9wC_Hk,https://www.youtube.com/watch?v=o73ys9wC_Hk,"독일피엠 프로쉐이프 제품 설명, 완벽한 한끼 식사대용, 다이어트에 짱!",error
l-wNHfAkpiI,https://www.youtube.com/watch?v=l-wNHfAkpiI,#삼윤맘 #피엠쥬스 #파워칵테일 #프로쉐이프 #단백질쉐이크 #액티바이즈 #리스토레이트 #부산피엠 #대구피엠 #울산피엠,error
1XxxrgHe4ro,https://www.youtube.com/watch?v=1XxxrgHe4ro,"👍노인분들 단백질 보충, 👏다이어트 할 때 프로쉐이프  💕이런분들이 드시면 좋아요! | 뷰터플라이 Pick",error
qd2gVLyFuTY,https://www.youtube.com/watch?v=qd2gVLyFuTY,영양 10배 올리는 단호박 요리비법 #독일피엠 #프로쉐이프 #단호박요리,error
W8F7bGONDfE,https://www.youtube.com/watch?v=W8F7bGONDfE,[공식영상] FitLine 프로쉐이프 신제품 망고 맛🥭🥫 출시,error
l_vagEV_M_A,https://www.youtube.com/watch?v=l_vagEV_M_A,독일피엠 프로쉐이프~ 한끼 식사대용 다이어트 제품!!!,error
dQrWISjuLdc,https://www.youtube.com/watch?v=dQrWISjuLdc,"프로틴 섭취 뭐가 좋을까요? 독일피엠 프로쉐이프, 아미노(순수필수아미노산8가지)",error
6s1aAcN6IcE,https://www.youtube.com/watch?v=6s1aAcN6IcE,프로쉐이프 단백질 쉐이크 최고👍 #해강그룹 #독일pm #권리소득 #경제적자유 #레버리지 #독일피엠 #시스템소득 #시스템소득 #독일피엠쥬스 #인세소득 #pm쥬스,error
BX3LWABxf-0,https://www.youtube.com/watch?v=BX3LWABxf-0,독일피엠 완벽한 한끼 식사 대용식 '프로쉐이프' 알아보기,error
SuMublovUqQ,https://www.youtube.com/watch?v=SuMublovUqQ,"독일피엠 장피디, 프로쉐이프 망고맛, 아침루틴, morning routine",error
v4oWtPTVKbo,https://www.youtube.com/watch?v=v4oWtPTVKbo,망고맛 프로쉐이프 proshape 2탄👍 배가 든든 저절로 다이어트 되겠는데요😆 건강하게 살다구용🤗,error
UF5Dxul9TR0,https://www.youtube.com/watch?v=UF5Dxul9TR0,🇩🇪 PM 완벽한 한끼식사프로쉐이프💪✔체중 감량 또는 체중증량을 위한 차세대 쉐이크‼️ ✔️스테로이드 미함유✔️호로몬전구체 미함유 #pm쥬스 #pm사업 #pm인터네셔널 #독일pm,error
jFTUd654n7I,https://www.youtube.com/watch?v=jFTUd654n7I,모두를 열광의 도가니 속으로 빠트린🕺 포레스텔라(Forestella)의 무대 〈Shape Of You〉♬ 팬텀싱어 올스타전(allstar) 7회 | JTBC 210309 방송,error
6ZoLcJzAhjk,https://www.youtube.com/watch?v=6ZoLcJzAhjk,#프로쉐이프#프로틴추천#단백질,error
rbEnh5sII2s,https://www.youtube.com/watch?v=rbEnh5sII2s,독일피엠 프로쉐이프 여라ㅣ대두 단백질 ㅣ다이어트 ㅣ한끼 식사 ㅣ사업자모집 010.2607.0101,error
hz_-t1W1F10,https://www.youtube.com/watch?v=hz_-t1W1F10,"[독일PM쥬스] 단백질 프로쉐이프편_단백질의 역할, 전인적인 몸 만들기",error
7OLNk_bPinE,https://www.youtube.com/watch?v=7OLNk_bPinE,[독일피엠1위사업가]독일피엠쥬스 PM 단백질 프로쉐이프 VS 웨이 뭘먹지?,error
iFYRrcsJVyo,https://www.youtube.com/watch?v=iFYRrcsJVyo,[프로쉐이프코코스 독일PM주스] 독일 PM주스 프로쉐이프 코코스 ㅣ  체중조절 식사대용 완전식,error
n3y5S0S2y8s,https://www.youtube.com/watch?v=n3y5S0S2y8s,건강마마 K핏클린 | 피트라인 프로쉐이프 아침저녁 식단 | 봉피엠 조이그룹,error
jG4Ymk1sws8,https://www.youtube.com/watch?v=jG4Ymk1sws8,매일 배드민턴 치면 이렇게 됨,error
HSGdPPftXeU,https://www.youtube.com/watch?v=HSGdPPftXeU,독일피엠 간 건강을 위한 디드링크 이렇게 드세요(성분 기능),error
uT6vco54OMc,https://www.youtube.com/watch?v=uT6vco54OMc,독일피엠 디드링크 체험사례~ 피부 알러지가 좋아졌다고?,error
usf0hhOPeVk,https://www.youtube.com/watch?v=usf0hhOPeVk,독일피엠 디드링크 14일 해독주스 - 디톡스,error
TVcVIvy4Beo,https://www.youtube.com/watch?v=TVcVIvy4Beo,[해강그룹] 신제품 디드링크 완전정복 (sp 박한슬아),error
zARQ23lOknI,https://www.youtube.com/watch?v=zARQ23lOknI,독일피엠 디드링크 업그레이된 제품 14일동안 해독하기,error
gZYSOzMPxWs,https://www.youtube.com/watch?v=gZYSOzMPxWs,간청소하는 디드링크,error
4tS83gDCnLU,https://www.youtube.com/watch?v=4tS83gDCnLU,디드링크 먹는 법 주의사항 주요성분 간을 지켜줘!!!,error
3OfXjuUkkNo,https://www.youtube.com/watch?v=3OfXjuUkkNo,간기능영양제 독일피엠 디드링크 PM주스 증상과 후기 | 네트워크 마케팅 PM 인터내셔날,error
uhfoHIyUu90,https://www.youtube.com/watch?v=uhfoHIyUu90,독일피엠 디드링크 공복주스 누가 드셔야 할까요?,error
fxATaRuReXs,https://www.youtube.com/watch?v=fxATaRuReXs,매일 피곤하고 피부칙칙하고 살찌는건 간때문! 간영양제추천 #디드링크 #ddrink #ddrinkfitline #간영양제 #fitline #피엠 #피엠주스 #독일피엠밝음,error
DipsvUWMxgU,https://www.youtube.com/watch?v=DipsvUWMxgU,#피엠3종 #디드링크,error
UuCxE52XV1g,https://www.youtube.com/watch?v=UuCxE52XV1g,독일피엠 디드링크 출시!! 14일 프로그램으로 간을 관리하세요 010-2031-0579,error
fa9ekU4JULc,https://www.youtube.com/watch?v=fa9ekU4JULc,간개운+피부맑음디드링크14일후기🔥폭주중!피엠인터내셔널디톡스주스궁금하면010-5402-3138💌#디드링크#피엠주스#shorts#쇼츠#간해독#간청소#간에좋은영양제#건강관리,error
QadSoWUiDWw,https://www.youtube.com/watch?v=QadSoWUiDWw,"PM 디드링크, 꼭~~ 마셔야 하는 이유 3가지?",error
IG82ViJDVY8,https://www.youtube.com/watch?v=IG82ViJDVY8,#독일피엠 #디드링크 #간해독 #간영양제,error
TLYIVCSDiWo,https://www.youtube.com/watch?v=TLYIVCSDiWo,피트라인 디드링크 일반 판매 D-1 #피엠인터내셔널,error
d-FvhrP5bg4,https://www.youtube.com/watch?v=d-FvhrP5bg4,독일피엠 디드링크 본사교육,error
XIdyzlkiDec,https://www.youtube.com/watch?v=XIdyzlkiDec,#간해독 #독일피엠쥬스 #디드링크 #해강그룹 #해다방,error
IALCtTdxHBI,https://www.youtube.com/watch?v=IALCtTdxHBI,간 기능 회복 디드링크 #피엠인터내셔널 #조이그룹 #피엠쥬스 #fitline 010-8595-0580,error
-s7_XNCXk_c,https://www.youtube.com/watch?v=-s7_XNCXk_c,#디드링크 당신의 간을 깨끗하게 건강하게 독일피엠 피트라인 디드링크 잘 알고 드세요,error
jxJxvuNlL7A,https://www.youtube.com/watch?v=jxJxvuNlL7A,지방간 영양제 독일피엠 디드링크 PM주스 간해독 전 주의사항 자세히 배우고 시작하셔요,error
VCTpaU2As6w,https://www.youtube.com/watch?v=VCTpaU2As6w,단 1잔으로 몸속 청소 끝! 디톡스의 끝판왕 디드링크 #디드링크 #디톡스 #건강음료 #피엠제품 #간해독 #체내정화 #건강루틴 #PM드링크 #피곤회복 #건강습관,error
yTV2yTEj3F4,https://www.youtube.com/watch?v=yTV2yTEj3F4,(간디톡스)매일피곤한건 간때문? 맛있는 디드링크로 관리하세요~#피엠쥬스#독일피엠#pm신제품 #독일피엠세라 #간해독#아티초크#밀크씨슬,error
aP1G26_nYdM,https://www.youtube.com/watch?v=aP1G26_nYdM,#독일피엠 #디드링크 #간건강 출시❤️,error
C8vYi_8JJWU,https://www.youtube.com/watch?v=C8vYi_8JJWU,#디드링크 생생후기 #나예주 #즉문즉설  #글로벌리더,error
cpzvnxa0vcQ,https://www.youtube.com/watch?v=cpzvnxa0vcQ,2주=14일🍸간 해독🍸디드링크🍸32년 독일기술력🍸PM FitLine,error
gTxS0YDyRM8,https://www.youtube.com/watch?v=gTxS0YDyRM8,1년에 2번  6개월가격 모닝 디드링크  (간건강ㆍ신장건강),error
sEhIGDCusso,https://www.youtube.com/watch?v=sEhIGDCusso,#해독주스 #간해독  유나겸강사님 신제품 #디드링크 강의정리&생생후기모음,error
qAX0Ewa0oQY,https://www.youtube.com/watch?v=qAX0Ewa0oQY,독일피엠 뮤노겐 성분과 기능 기본은 알고 섭취하세요 ~ 3종에 하나를 더 한다면 뮤노겐 강추,error
UTGR7HxnhY0,https://www.youtube.com/watch?v=UTGR7HxnhY0,[뮤노겐 PM] 뮤노겐은 인체에서 산화질소를 합성할 때 필요한 원료와 영양소가 들어 있는 산화질소 생성을 촉진하는 NTC 기반의 제폼입니다.,error
nz5qIWSc0-8,https://www.youtube.com/watch?v=nz5qIWSc0-8,PM-BA프로모션◈뮤노겐제품설명#2◈아르기닌의필수대사비타민B군,error
NZh6ozHbkmE,https://www.youtube.com/watch?v=NZh6ozHbkmE,[독일피엠학교] 제품설명 - 뮤노겐(기본편) / 독일피엠-피엠인터내셔널,error
eWdUJWYGbVY,https://www.youtube.com/watch?v=eWdUJWYGbVY,뮤노겐 혈관 탄탄  심장마비예방,error
N2ktqx8aLHI,https://www.youtube.com/watch?v=N2ktqx8aLHI,들어봤니? 산화질소 💕뮤노겐 💕,error
VZYljtfX5g8,https://www.youtube.com/watch?v=VZYljtfX5g8,[PM 뮤노겐 개정판] 독일 PM주스ㅣ산화질소ㅣ뮤노겐은 산화질소 제품이 아니라 체내에서 산화질소를 생성하는데 필요한 원료와 영양소가 들어 있어 산화질소 생성을 촉진하는 제품이다,error
UW7gDI6jomc,https://www.youtube.com/watch?v=UW7gDI6jomc,산화질소와 PM 뮤노겐,error
XWa-kXrUH-8,https://www.youtube.com/watch?v=XWa-kXrUH-8,독일PM 피엠인터내셔널  액티바이즈와 뮤노겐 비교 설명,error
eBwnAMSyAlI,https://www.youtube.com/watch?v=eBwnAMSyAlI,"하지정맥엔 뮤노겐 하세요!!혈관청소 산화질소 아르기닌  시트러스트 에너지업  운동전,심결관계 필수입니다.  #독일pm#pm쥬스#pm사업#당뇨#고혈압#고지혈증",error
-gB4iF66Qeg,https://www.youtube.com/watch?v=-gB4iF66Qeg,#산화질소 ?이게 뭘까!#대치동독일피엠 #뮤노겐#01076965468,error
gH5CPrYX5z0,https://www.youtube.com/watch?v=gH5CPrYX5z0,타사 '오메가3' 와 독일피엠 '뮤노겐' 의 비교실험        010 2538 2438,error
84RZapLSYqg,https://www.youtube.com/watch?v=84RZapLSYqg,독일피엠 피트라인 뮤노겐 동맥과 혈관관리,error
QCY58mju6qE,https://www.youtube.com/watch?v=QCY58mju6qE,[독일피엠1위사업가]독일PM 혈관건강 액티바이즈 VS 뮤노겐 비교 당신의 선택은?,error
xw_V3rMBu0w,https://www.youtube.com/watch?v=xw_V3rMBu0w,FitLine뮤노겐 이렇게 드셔보세요,error
RZAXdZtfL4Y,https://www.youtube.com/watch?v=RZAXdZtfL4Y,[독일피엠1위사업가]독일PM 뮤노겐 혈관확장제 안먹으면 일어나는일?,error
ECCGNEC-zoA,https://www.youtube.com/watch?v=ECCGNEC-zoA,#뮤노겐 #피엠인터내셔널 #독일피엠 #독일피엠인터내셔널 #독일쥬스 #혈관건강,error
Da9-slIcgwc,https://www.youtube.com/watch?v=Da9-slIcgwc,독일피엠 뮤노겐 제품 혈관건강 끝판왕! 더이상 혈관질환은 없다~,error
EMWwXquGAys,https://www.youtube.com/watch?v=EMWwXquGAys,독일피엠 피트라인 뮤노겐,error
_huaiLp7Ti8,https://www.youtube.com/watch?v=_huaiLp7Ti8,혈관 뻥 뚫어👉《뮤노겐》딱 17초!!! 혈관 건강 찾기혈관은 치료제가 없어요!!! 이재택 박사님은 감히 말합니다!!! 그 역할을 #뮤노겐 #혈관건강 #혈관뚫어,error
dr8rIvvx1Tc,https://www.youtube.com/watch?v=dr8rIvvx1Tc,독일피엠 뮤노겐의 효능~ 더이상의 혈관질병은 없다!,error
9gdllcdD4Es,https://www.youtube.com/watch?v=9gdllcdD4Es,PM 뮤노겐,error
tcS5UOyBq_w,https://www.youtube.com/watch?v=tcS5UOyBq_w,독일피엠 액티바이즈 뮤노겐 이조합~ 요즘 제가 피로가 안쌓이는 이유예요 #독일피엠사업 #액티바이즈 #뮤노겐 #비타민B군 #데일리영양 #피엠비지니스,error
4qW942-mbsI,https://www.youtube.com/watch?v=4qW942-mbsI,독일피엠 피트라인 뮤노겐 Munogen,error
sAKlyVhQa54,https://www.youtube.com/watch?v=sAKlyVhQa54,#아침루틴 #독일피엠 #쥬스마시기 #뮤노겐 #아침독서,error
mdaFoYfZ8-A,https://www.youtube.com/watch?v=mdaFoYfZ8-A,#피엠쥬스 #뮤노겐 #파워칵테일,error
u-bFzH3aMh0,https://www.youtube.com/watch?v=u-bFzH3aMh0,독일피엠주스 액티바이즈 이런사람  꼭 드셔야 합니다(성분과 기능),error
6XcwrFQE5I4,https://www.youtube.com/watch?v=6XcwrFQE5I4,액티바이즈 실험,error
eHkU1m4tmqs,https://www.youtube.com/watch?v=eHkU1m4tmqs,#독일피엠 #액티바이즈 #피엠주스 섭취 후 오는 부작용 ?!,error
64OqYdzFZAk,https://www.youtube.com/watch?v=64OqYdzFZAk,나한테 맞는 액티바이즈를 찾아라~ 독일피엠 신제품 레몬 라임 액티바이즈,error
zJe2d05qiTg,https://www.youtube.com/watch?v=zJe2d05qiTg,액티바이즈 플러시 반응,error
ra5ahENQ8BE,https://www.youtube.com/watch?v=ra5ahENQ8BE,[독일피엠쥬스] NEW ACTIVIZE -액티바이즈 놀라운 기능 1탄,error
uWc_8j3EJ1s,https://www.youtube.com/watch?v=uWc_8j3EJ1s,독일피엠 엑티바이즈 놀라운 효능~ (비타민B군의 효능),error
prxFRvpf2OU,https://www.youtube.com/watch?v=prxFRvpf2OU,[독일피엠1위사업가]독일PM 액티바이즈 부작용 알고계신가요?,error
SAluuIkEt-I,https://www.youtube.com/watch?v=SAluuIkEt-I,"액티바이즈 5+1, 최저가 구매링크는 바로 여기!! #독일피엠 #액티바이즈 #피엠쥬스",error
B29LyHWqXOA,https://www.youtube.com/watch?v=B29LyHWqXOA,할 말은 많지만 액티바이즈 핵심 5가지  #독일피엠 #독일피엠주스 #액티바이즈,error
n7upSIbAFLg,https://www.youtube.com/watch?v=n7upSIbAFLg,[독일피엠] 1등코치  엑티바이즈  부작용/효능   그것이 알고 싶다!,error
d3MXRj_eSbI,https://www.youtube.com/watch?v=d3MXRj_eSbI,#액티바이즈 #복숭아맛액티바이즈 #독일피엠주스 #피엠쥬스 #독일피엠 #독일pm #부산독일피엠 #창원독일피엠 #액티바이즈할인 #액티바이즈프로모션,error
RHYsUWTeY3o,https://www.youtube.com/watch?v=RHYsUWTeY3o,독일 피엠 액티바이즈 효능과효과 비타민B군 복합체,error
vZW1aSn0uCs,https://www.youtube.com/watch?v=vZW1aSn0uCs,#액티바이즈 레몬라임맛 후기,error
Ft5JwrHE_ME,https://www.youtube.com/watch?v=Ft5JwrHE_ME,독일피엠주스 액티바이즈 NTC기술을 가장 잘 느낄수 있는 비타민-혼자 먹기 아까워 소개할 수 밖에 없었어요!(피엠인터내셔널),error
YuTw5RhKU2s,https://www.youtube.com/watch?v=YuTw5RhKU2s,독일피엠 피엠인터내셔널 액티바이즈 아무나 먹지마세요ㅠ,error
DWAf8XnkeDU,https://www.youtube.com/watch?v=DWAf8XnkeDU,독일pm주스 파워칵테일 효능과 복용법,error
SdtB1d4XYJs,https://www.youtube.com/watch?v=SdtB1d4XYJs,"[독일피엠1위카운셀러] 독일PM쥬스 파워칵테일 성분, 효능, 주의사항, 비타민 추천, 비타민 미네랄 부족하면 나타나는 증상 (전주피엠 010-5658-0643) #비타민 #미네랄",error
M3bxr-RSIIY,https://www.youtube.com/watch?v=M3bxr-RSIIY,피엠주스 3종세트 먹는 법 [초간단],error
HMz7M-jiT2U,https://www.youtube.com/watch?v=HMz7M-jiT2U,독일피엠주스 파워칵테일 이정도는 알고 섭취 하세요.,error
kHRDPzV-tZc,https://www.youtube.com/watch?v=kHRDPzV-tZc,독일피엠 파워칵테일만  드신다면.....진짜 손해예요 #독일피엠주스 #리스토레이트 #피엠주스섭취방법,error
nivN5MSUS1U,https://www.youtube.com/watch?v=nivN5MSUS1U,독일피엠 파워칵테일 젤슈츠 액티바이즈 변경사항 체크하세요,error
KQYyrPa02tI,https://www.youtube.com/watch?v=KQYyrPa02tI,독일피엠쥬스 파워칵테일 성분 기능 섭취방법 심플정리~ 너무 많이 먹어도 탈나요 피엠인터내셔널,error
OFfHX9nHaEs,https://www.youtube.com/watch?v=OFfHX9nHaEs,#독일PM🇩🇪 #주니어파워칵테일 #종합비타민 #유산균 | 면역력 증진 어린이 건강 주스 피엠 주스,error
88sE69TeKXM,https://www.youtube.com/watch?v=88sE69TeKXM,피엠주스 최강자 파워칵테일 완전 올인원 일세!! 😘 제품/사업 문의는 댓글로🇩🇪,error
uTPQTuK0ALQ,https://www.youtube.com/watch?v=uTPQTuK0ALQ,독일pm쥬스 3종 (파워칵테일 리스토레이트 액티바이즈) 효능 010-8595-0580,error
ibvi26uHEKU,https://www.youtube.com/watch?v=ibvi26uHEKU,파워칵테일 효능 효과 좋앙~ 010.2031.0579,error
lBWld5Gn7Io,https://www.youtube.com/watch?v=lBWld5Gn7Io,독일피엠쥬스 파워칵테일 리스토레이트 액티바이즈 팩트만 정리,error
SNurSwFhENk,https://www.youtube.com/watch?v=SNurSwFhENk,[독일피엠학교]-피엠제품 권장섭취방법(파워칵테일+리스토레이트+액티바이즈),error
TA7W6Sq0QGo,https://www.youtube.com/watch?v=TA7W6Sq0QGo,독일PM 파워칵테일 리스토레이트 이렇게만 드셔도 건강은 OK,error
olKB2ReGfE4,https://www.youtube.com/watch?v=olKB2ReGfE4,[독일피엠1위사업가]독일PM 3종 파워칵테일 리스토레이트 액티바이즈 섭취방법,error
4zYJiB3MOMY,https://www.youtube.com/watch?v=4zYJiB3MOMY,[독일피엠학교]-파워칵테일(PowerCocktail) 제품설명(질문편) (독일PM-피엠인터내셔널),error
jR9-RwQaFoY,https://www.youtube.com/watch?v=jR9-RwQaFoY,독일피엠 파워칵테일 드시면서 불편하신분 참고 하세요~ 좀 더 효과있게 섭취하면서 건강점수 올려봐요^^,error
jSHtzHICSy4,https://www.youtube.com/watch?v=jSHtzHICSy4,독일피엠 피엠인터내셔널 파워칵테일 리스토레이트 이렇게 드시면 됩니다.,error
lsH5P9YQPgE,https://www.youtube.com/watch?v=lsH5P9YQPgE,독일피엠쥬스 파워칵테일 리스토레이트가 과학인 이유!,error
I1HmoHbbiGM,https://www.youtube.com/watch?v=I1HmoHbbiGM,[독일피엠학교]-파워칵테일(PowerCocktail) 제품설명(기본편) (독일PM-피엠인터내셔널),error
g8whoxwod7o,https://www.youtube.com/watch?v=g8whoxwod7o,"❣️아침에 미니사과와 파워칵테일로 활기찬 아침의시작!영양만점,효과만점 독일피엠 3종세트를 소개합니다🍊파워칵테일로 활기찬 아침의시작!!▶56가지 독일에서 검증된 유기농 야채,과일",error
AIYLQuGmJTU,https://www.youtube.com/watch?v=AIYLQuGmJTU,파워칵테일 추천 BEST 3 건강식품 인기상품  3ㅣ추천템ㅣ생활 꿀템ㅣ,error
tMbuDPwPOaY,https://www.youtube.com/watch?v=tMbuDPwPOaY,독일피엠쥬스 리스토레이트 성분보다 중요한 이거! 미네랄 먹어야하는 이유 피엠인터내셔널,error
4aPA5qdj268,https://www.youtube.com/watch?v=4aPA5qdj268,"미네랄의 비밀, 무기질 섭취, 독일피엠 장피디, 리스토레이트,",error
dg2vMVP1m1g,https://www.youtube.com/watch?v=dg2vMVP1m1g,"[독일피엠1위카운셀러] 독일PM쥬스 리스토레이트 성분, 효능, 주의사항, 추천, 비타민 미네랄 부족하면 나타나는 증상 (전북전주 010-5658-0643) #리스토레이트 #미네랄",error
QFnDysUTBe4,https://www.youtube.com/watch?v=QFnDysUTBe4,"생명유지에 필수 미네랄, 리스토레이트",error
HtI6qN7UKy4,https://www.youtube.com/watch?v=HtI6qN7UKy4,[독일PM] 리스토레이트 섭취시 주의사항,error
HiakLMGCNmU,https://www.youtube.com/watch?v=HiakLMGCNmU,독일피엠쥬스 리스토레이트,error
q5zIUP73ZAI,https://www.youtube.com/watch?v=q5zIUP73ZAI,[독일피엠1위사업가]독일PM 리스토레이트가 좋은이유 안먹으면 나만 손해보는 비타민 피엠인터내셔널,error
qoyPoeyNGpA,https://www.youtube.com/watch?v=qoyPoeyNGpA,독일피엠 리스토레이트 섭취후 잠이안오는 이유 #리스토레이트 #미네랄 #섭취방법 제품.사업문의 010 8639 1515,error
XzPPdqEBSdI,https://www.youtube.com/watch?v=XzPPdqEBSdI,《숙면을 위한 선택》독일피엠 피트라인 리스토레이트,error
K0-RUF3JDZk,https://www.youtube.com/watch?v=K0-RUF3JDZk,"[독일피엠1위사업가]리스토레이트 성분,효능 제대로 알아보아요",error
gzkPI4t1EpU,https://www.youtube.com/watch?v=gzkPI4t1EpU,#리스토레이트 #피엠쥬스먹는법 #독일피엠먹는방법 #피엠주스먹는방법 #독일피엠 #독일pm #fitline #부산독일피엠,error
sMH-SWcrq-I,https://www.youtube.com/watch?v=sMH-SWcrq-I,"독일피엠 미네랄의 중요성, 생명의 균형(리스토레이트의 효능)",error
3GUpQ21tgRg,https://www.youtube.com/watch?v=3GUpQ21tgRg,독일 피엠 리스토레이트가 좋은 이유?,error
mAg_LJ8z_s8,https://www.youtube.com/watch?v=mAg_LJ8z_s8,독일피엠 리스토레이트의 역할,error
0HU-2pELRLI,https://www.youtube.com/watch?v=0HU-2pELRLI,독일피엠주스  3종 파워칵테일 리스토레이트 액티바이즈 평균 섭취방법 - 기준을 잡으세요,error
aKBAuqDon3A,https://www.youtube.com/watch?v=aKBAuqDon3A,리스토레이트 여름철 특히 더 필요한이유 #미네랄비타민 #독일피엠 #제품안내 #섭취방법,error
2FIO6IZ_2rM,https://www.youtube.com/watch?v=2FIO6IZ_2rM,[리스토레이트 PM] PM FitLine 리스토레이트는 세포에 필요한 8가지 필수 미네랄을 세포막의 이온채널을 통해 세포에 공급해 주는 NTC기반의 제품이다.,error
cEQPbzrtEcA,https://www.youtube.com/watch?v=cEQPbzrtEcA,충남 당진시 독일피엠 리스토레이트 효능과 복용법,error
eGKserfFqP8,https://www.youtube.com/watch?v=eGKserfFqP8,[독일피엠] 수용성 미네랄 해독주스 '리스토레이트' 미니특강,error
Bo-syLkIJ4g,https://www.youtube.com/watch?v=Bo-syLkIJ4g,독일피엠 커피 대신 리스트레이트로 건강 지키기 효능과 섭취방법 피엠인터내셔널,error
1Y2T6v-xfEs,https://www.youtube.com/watch?v=1Y2T6v-xfEs,독일PM쥬스 / 리스토레이트효과,error
0l9fFGsiU_g,https://www.youtube.com/watch?v=0l9fFGsiU_g,독일피엠 PM 리스토레이트 돼지기름 실험 / 왜 리스토레이트를 먹어야할까요?010-5035-7091장혜연,error
L0cGbQu56Rw,https://www.youtube.com/watch?v=L0cGbQu56Rw,[독일피엠1위사업가]독일PM 피엠인터내셔널 리스토레이트가 꼭 필요한이유,error
